MO;Product ID; Quantity;Capacity;Rigidity
��-001-11;1348900009;378;1500;1
��-002-11;1348900009;378;1500;1
��-003-11;1348900009;378;1500;1
��-004-11;1348900009;378;1500;1
��-005-11;1348900009;378;1500;1
��-006-11;1499910213;1080;1500;1
��-007-11;1499910213;1080;1500;1
��-008-11;1400000150;2520;750;1
��-008-21;1059990403;3156;750;1
��-009-11;3152461705;4608;1500;1
��-010-11;1900000043;1722;750;1
��-010-21;1900000044;264;750;1
��-011-11;3152461705;4608;1500;1
��-012-11;1059990027;1572;750;1
��-012-21;1400000182;3480;750;1
��-013-11;3151270304;4608;1500;1
��-014-11;3138150008;4608;1500;1
��-015-11;3133530009;4608;1500;1
��-016-11;2400007539;4608;1500;1
��-017-11;3138150008;4608;1500;1
��-018-11;1000006438;88;1500;1
��-019-11;1000006438;88;1500;1
��-020-11;1000006438;88;1500;1
��-021-11;1000006438;88;1500;1
��-022-11;1000006438;88;1500;1
��-023-11;1000006438;88;1500;1
��-024-11;1000006438;88;1500;1
��-025-11;1000006438;88;1500;1
��-026-11;1000006438;88;1500;1
��-027-11;1000006438;88;1500;1
��-028-11;3138150010;4608;1500;1
��-029-11;1000006438;88;1500;1
��-030-11;3138150010;4608;1500;1
��-031-11;1000042117;4608;1500;1
��-032-11;3073080015;4752;1500;1
��-033-11;3138150009;4608;1500;1
��-034-11;1000091819;384;1500;1
��-035-11;1470400038;3300;1500;1
��-036-11;1000091819;384;1500;1
��-037-11;1000091819;384;1500;1
��-038-11;1000091819;384;1500;1
��-039-11;1000091819;384;1500;1
��-040-11;1000000707;1296;1500;1
��-041-11;1000091819;384;1500;1
��-042-11;1000000707;1296;1500;1
��-043-11;1348900011;378;1500;1
��-044-11;1059990068;2784;750;1
��-044-21;1000070727;4752;750;1
��-045-11;1348900011;378;1500;1
��-046-11;1000070203;7680;750;1
��-046-21;1000051088;380;750;1
��-047-11;1348900011;378;1500;1
��-048-11;1000015588;21600;750;1
��-048-21;3080390156;2970;750;1
��-049-11;1348900011;378;1500;1
��-050-11;1000026300;2000;1500;1
��-051-11;1699911074;480;1500;1
��-052-11;1699100070;6860;1500;1
��-053-11;1699911074;480;1500;1
��-054-11;1699100070;6860;1500;1
��-055-11;1000036738;3888;750;1
��-055-21;1000107428;750;750;1
��-056-11;1000113530;4608;1500;1
��-057-11;1000101793;4400;750;1
��-057-21;3141730001;1848;750;1
��-058-11;3174070007;1344;1500;1
��-059-11;1051242640;2736;750;1
��-059-21;1963100002;3672;750;1
��-060-11;3174070007;1344;1500;1
��-061-11;3174070007;1344;1500;1
��-062-11;1830800005;4752;1500;1
��-063-11;3174070007;1344;1500;1
��-064-11;1830800037;4752;1500;1
��-065-11;1830800005;4752;1500;1
��-066-11;1699100071;6600;1500;1
��-067-11;1000113539;4176;1500;1
��-068-11;5011228826;780;1500;1
��-069-11;1000113531;4176;1500;1
��-070-11;5011228826;780;1500;1
��-071-11;1047569959;12500;1500;1
��-072-11;1084890001;1344;1500;1
��-073-11;1084890001;1344;1500;1
��-074-11;1000052607;108;750;1
��-074-21;1000067820;3150;750;1
��-075-11;1084890001;1344;1500;1
��-076-11;1000001232;2160;750;1
��-076-21;1400000152;1914;750;1
��-077-11;1084890001;1344;1500;1
��-078-11;1992700004;1332;750;1
��-078-21;3144700002;2112;750;1
��-079-11;1599400201;1680;1500;1
��-080-11;1000113251;1890;1500;1
��-081-11;1599400201;1680;1500;1
��-082-11;1000052957;2160;1500;1
��-083-11;1699911058;480;1500;1
��-084-11;1000113521;4608;1500;1
��-085-11;1000113521;4608;1500;1
��-086-11;1000001575;768;1500;1
��-087-11;1699100061;6720;1500;1
��-088-11;1000026117;2880;1500;1
��-089-11;1000001575;768;1500;1
��-090-11;1000026117;2880;1500;1
��-091-11;1929500003;4188;750;1
��-091-21;1000060491;1406;750;1
��-092-11;1523200057;1092;1500;1
��-093-11;1000090831;2222;750;1
��-093-21;3142320004;2793;750;1
��-094-11;1000047773;2304;1500;1
��-095-11;1523200042;2664;750;1
��-095-21;1000090829;1920;750;1
��-096-11;1000047773;2304;1500;1
��-097-11;1000047773;2304;1500;1
��-098-11;1000071672;3180;750;1
��-098-21;2400007554;1848;750;1
��-099-11;1000047773;2304;1500;1
��-100-11;1051242639;2736;750;1
��-100-21;1000001230;1480;750;1
��-101-11;1699100062;6720;1500;1
��-102-11;1059990562;3348;750;1
��-102-21;1009991068;1728;750;1
��-103-11;1000052958;1170;1500;1
��-104-11;1348900003;240;1500;1
��-105-11;2199910022;4200;1500;1
��-106-11;1348900003;240;1500;1
��-107-11;1348900003;240;1500;1
��-108-11;1348900003;240;1500;1
��-109-11;2400001004;3072;1500;1
��-110-11;1000067064;6000;1500;1
��-111-11;1992700001;1596;1500;1
��-112-11;1000113529;1155;1500;1
��-113-11;7667900001;4800;1500;1
��-114-11;1000001573;768;1500;1
��-115-11;1000133677;14880;1500;1
��-116-11;1000001573;768;1500;1
��-117-11;1000133677;14880;1500;1
��-118-11;1400000192;540;1500;1
��-119-11;1000133576;4752;1500;1
��-120-11;1400000192;540;1500;1
��-001-11;1051850003;2916;750;1
��-001-21;1000091582;3800;750;1
��-002-11;1626800005;504;1500;1
��-003-11;1000054397;7200;750;1
��-003-21;1054510010;1056;750;1
��-004-11;1000095962;1764;1500;1
��-005-11;2009990229;612;750;1
��-005-21;1056060043;2772;750;1
��-006-11;1056090043;336;1500;1
��-007-11;1470400022;2200;750;1
��-007-21;3034510019;378;750;1
��-008-11;1056090043;336;1500;1
��-009-11;1000019825;4400;750;1
��-009-21;1000051086;1350;750;1
��-010-11;2199910300;1728;1500;1
��-011-11;1000034888;1020;750;1
��-011-21;1000020726;1320;750;1
��-012-11;1086690004;1008;1500;1
��-013-11;1000090305;1980;750;1
��-013-21;1000053173;3400;750;1
��-014-11;1139990450;1360;1500;1
��-015-11;1000068589;12480;750;1
��-015-21;6949994239;1800;750;1
��-016-11;1139990450;1360;1500;1
��-017-11;1610600024;504;750;1
��-017-21;1000011256;3360;750;1
��-018-11;1699910386;2160;1500;1
��-019-11;1056060039;2429;1500;1
��-020-11;1000050584;1728;1500;1
��-021-11;1427200001;672;1500;1
��-022-11;1000102265;640;1500;1
��-023-11;1000071934;4800;1500;1
��-024-11;1000102265;640;1500;1
��-025-11;1499910205;1296;1500;1
��-026-11;1000121425;1440;1500;1
��-027-11;9918650004;1440;1500;1
��-028-11;1000121422;1440;1500;1
��-029-11;1000008924;3456;1500;1
��-030-11;1499910205;1296;1500;1
��-031-11;1000088582;1176;1500;1
��-032-11;1499910008;840;750;1
��-032-21;1000121925;5670;750;1
��-033-11;1000088582;1176;1500;1
��-034-11;1000026878;3355;750;1
��-034-21;8410000084;780;750;1
��-035-11;1000049705;1824;1500;1
��-036-11;1044850001;5698;750;1
��-036-21;1052950003;5760;750;1
��-037-11;1000048881;4032;1500;1
��-038-11;1042349997;1512;1500;1
��-039-11;1000115450;2088;1500;1
��-040-11;1000118427;1176;1500;1
��-041-11;1000115450;2088;1500;1
��-042-11;1000118427;1176;1500;1
��-043-11;1000075169;900;1500;1
��-044-11;1568600006;8800;750;1
��-044-21;1929500005;5760;750;1
��-045-11;1000115449;570;1500;1
��-046-11;1000051007;1044;750;1
��-046-21;1000046245;9000;750;1
��-047-11;1799900276;1008;1500;1
��-048-11;2009900004;5400;750;1
��-048-21;1000068485;5040;750;1
��-049-11;1470400048;1200;1500;1
��-050-11;1799900276;1008;1500;1
��-051-11;1470400048;1200;1500;1
��-052-11;1499919331;6528;1500;1
��-053-11;1000098943;3240;1500;1
��-054-11;1418500006;1824;1500;1
��-055-11;1830800009;4752;1500;1
��-056-11;1000071239;2592;750;1
��-056-21;1400000141;3672;750;1
��-057-11;2199910021;4200;1500;1
��-058-11;1000115895;160;750;1
��-058-21;2199910362;56700;750;1
��-059-11;2400003380;1812;1500;1
��-060-11;1000037349;984;750;1
��-060-21;4000001724;1440;750;1
��-061-11;1000049072;1440;1500;1
��-062-11;1000060406;5760;750;1
��-062-21;1470400033;1320;750;1
��-063-11;1000049072;1440;1500;1
��-064-11;2170400005;6600;750;1
��-064-21;1000109005;3240;750;1
��-065-11;1000070209;1872;1500;1
��-066-11;3128630001;6300;750;1
��-066-21;1000090832;1760;750;1
��-067-11;1899910508;3720;1500;1
��-068-11;1000001231;4580;1500;1
��-069-11;1000001574;768;1500;1
��-070-11;1830800048;1512;1500;1
��-071-11;1000004650;1008;1500;1
��-072-11;1899910508;3720;1500;1
��-073-11;2123200017;2130;750;1
��-073-21;1059990188;3240;750;1
��-074-11;1418500004;1824;1500;1
��-075-11;3071150225;800;750;1
��-075-21;1000026143;2200;750;1
��-076-11;1000070872;4752;1500;1
��-077-11;1199991169;5760;750;1
��-077-21;1699920201;1216;750;1
��-078-11;1005410003;5520;1500;1
��-079-11;1000001583;504;1500;1
��-080-11;1005410003;5520;1500;1
��-081-11;1499919151;480;1500;1
��-082-11;1000133002;504;1500;1
��-083-11;1499919151;480;1500;1
��-084-11;1000133002;504;1500;1
��-085-11;1000067063;6000;1500;1
��-086-11;1077040008;1728;1500;1
��-087-11;3080390144;4752;1500;1
��-088-11;1570400011;8800;1500;1
��-089-11;1062630012;2016;1500;1
��-090-11;3142320005;1764;1500;1
��-091-11;1062630012;2016;1500;1
��-092-11;1000070206;3360;750;1
��-092-21;1647000007;3840;750;1
��-093-11;1000094637;3600;1500;1
��-094-11;1599400518;7500;750;1
��-094-21;1929500004;2184;750;1
��-095-11;1319600012;600;1500;1
��-096-11;1000042274;4032;750;1
��-096-21;1000039126;1296;750;1
��-097-11;1000113535;1155;1500;1
��-098-11;3071150226;1800;750;1
��-098-21;2123200077;2500;750;1
��-099-11;1000113535;1155;1500;1
��-100-11;1899910549;1488;750;1
��-100-21;1000097090;2832;750;1
��-101-11;1523200056;1728;1500;1
��-102-11;1647000018;3600;750;1
��-102-21;1400000142;5049;750;1
��-103-11;1000065958;2496;1500;1
��-104-11;2123200094;4250;750;1
��-104-21;3117800004;3300;750;1
��-105-11;2174000001;4032;1500;1
��-106-11;1929500019;348;750;1
��-106-21;1699920200;800;750;1
��-107-11;2174000001;4032;1500;1
��-108-11;1000065463;1920;750;1
��-108-21;1000070202;3180;750;1
��-109-11;1000077721;576;750;1
��-109-21;1000085322;4320;750;1
��-110-11;1000106578;750;1500;1
��-111-11;1000095673;96000;750;1
��-111-21;2123200018;1950;750;1
��-112-11;2400007483;2496;1500;1
��-113-11;5011227101;48000;750;1
��-113-21;1000126787;378;750;1
��-114-11;9912320019;1728;1500;1
��-115-11;1000111111;1512;750;1
��-115-21;1000065458;2780;750;1
��-116-11;9912320019;1728;1500;1
��-117-11;1000015589;23040;750;1
��-117-21;1000025152;2904;750;1
��-118-11;1000085022;840;1500;1
��-119-11;1000006232;6000;750;1
��-119-21;1000090828;2332;750;1
��-120-11;1400000192;540;1500;1
��-001-11;9156288003;300;1500;1
��-002-11;5003650004;4200;750;1
��-002-21;1000027575;2025;750;1
��-003-11;9156288003;300;1500;1
��-004-11;1000014529;2880;750;1
��-004-21;9932320012;1092;750;1
��-005-11;9156288003;300;1500;1
��-006-11;1109560024;1260;750;1
��-006-21;1000090306;770;750;1
��-007-11;9156288003;300;1500;1
��-008-11;1000065903;504;1500;1
��-009-11;1000094490;620;1500;1
��-010-11;1049995204;1728;1500;1
��-011-11;1000094490;620;1500;1
��-012-11;1000075172;720;1500;1
��-013-11;2162500005;384;1500;1
��-014-11;1000121423;1440;1500;1
��-015-11;1000070957;768;1500;1
��-016-11;1000036177;1380;1500;1
��-017-11;1000070957;768;1500;1
��-018-11;1000008923;2304;1500;1
��-019-11;2160200020;3360;750;1
��-019-21;1000093129;780;750;1
��-020-11;1000008923;2304;1500;1
��-021-11;9919990013;25000;750;1
��-021-21;3100390612;1332;750;1
��-022-11;1056090053;336;1500;1
��-023-11;1617200060;560;750;1
��-023-21;3110398807;2160;750;1
��-024-11;3423365007;231;1500;1
��-025-11;5017999005;5376;1500;1
��-026-11;1499919333;3424;1500;1
��-027-11;1109990025;1470;1500;1
��-028-11;1000087560;448;1500;1
��-029-11;1000050136;1728;1500;1
��-030-11;1000087560;448;1500;1
��-031-11;1568600007;8800;750;1
��-031-21;1648500026;2266;750;1
��-032-11;2123200069;600;1500;1
��-033-11;9912420006;1500;750;1
��-033-21;1557800034;9300;750;1
��-034-11;2123200073;600;1500;1
��-035-11;1000085066;2000;750;1
��-035-21;1000094128;2660;750;1
��-036-11;2123200073;600;1500;1
��-037-11;3043780201;1080;1500;1
��-038-11;2123200050;850;750;1
��-038-21;1000078696;165;750;1
��-039-11;1000127583;4032;1500;1
��-040-11;1000051087;640;750;1
��-040-21;1054510029;420;750;1
��-041-11;1499919642;640;1500;1
��-042-11;1000054589;6780;750;1
��-042-21;1000027788;1020;750;1
��-043-11;1499919642;640;1500;1
��-044-11;1000076075;360;1500;1
��-045-11;1101050007;1836;1500;1
��-046-11;1056090078;98;1500;1
��-047-11;1000057843;1248;1500;1
��-048-11;1000070208;1014;1500;1
��-049-11;1056090077;98;1500;1
��-050-11;1000074820;1600;750;1
��-050-21;3101160202;2106;750;1
��-051-11;1056090077;98;1500;1
��-052-11;9932320008;9360;750;1
��-052-21;3100390614;1740;750;1
��-053-11;9929920068;460;1500;1
��-054-11;1000051316;3840;750;1
��-054-21;1000005636;756;750;1
��-055-11;1568600003;7700;1500;1
��-056-11;1000095961;3780;1500;1
��-057-11;1000093726;2232;1500;1
��-058-11;1015628803;2700;1500;1
��-059-11;1000093726;2232;1500;1
��-060-11;1047980006;6480;1500;1
��-061-11;5017999004;4480;1500;1
��-062-11;9919670003;19000;750;1
��-062-21;1044510002;744;750;1
��-063-11;5011656709;1920;1500;1
��-064-11;1626800018;504;750;1
��-064-21;1000042675;384;750;1
��-065-11;1617200034;504;1500;1
��-066-11;1400000155;960;750;1
��-066-21;1059990104;1188;750;1
��-067-11;1617200034;504;1500;1
��-068-11;1000071189;1740;1500;1
��-069-11;1000028870;1296;1500;1
��-070-11;1000071189;1740;1500;1
��-071-11;1077040010;1920;1500;1
��-072-11;1000044769;220;1500;1
��-073-11;1000093122;1152;1500;1
��-074-11;1000055903;768;750;1
��-074-21;3125780005;3125;750;1
��-075-11;1000127584;2400;1500;1
��-076-11;1000010874;5400;750;1
��-076-21;1000103985;810;750;1
��-077-11;1000127584;2400;1500;1
��-078-11;1000011247;1716;750;1
��-078-21;2142500005;810;750;1
��-079-11;2199910314;640;1500;1
��-080-11;1000051317;2592;750;1
��-080-21;9932320006;9840;750;1
��-081-11;1000107427;675;1500;1
��-082-11;1479800003;1530;750;1
��-082-21;1570400017;3300;750;1
��-083-11;1000107422;378;1500;1
��-084-11;3034510020;108;750;1
��-084-21;3142590001;1515;750;1
��-085-11;1000098369;2304;750;1
��-085-21;1044579979;2520;750;1
��-086-11;1000107422;378;1500;1
��-087-11;1000133678;14880;750;1
��-087-21;1599990110;400;750;1
��-088-11;3043780204;1080;1500;1
��-089-11;1106100071;1680;750;1
��-089-21;1000008378;720;750;1
��-090-11;1054510005;1056;1500;1
��-091-11;3100390639;648;1500;1
��-092-11;1899900811;600;1500;1
��-093-11;3100390639;648;1500;1
��-094-11;1000072822;120;1500;1
��-095-11;9939990025;1296;1500;1
��-096-11;1000072822;120;1500;1
��-097-11;1599400910;324;750;1
��-097-21;1599400786;1280;750;1
��-098-11;1000068397;1680;1500;1
��-099-11;1000106609;1728;750;1
��-099-21;1524200016;1500;750;1
��-100-11;1000105095;1520;1500;1
��-101-11;6949996391;1800;750;1
��-101-21;1133538016;352;750;1
��-102-11;1000126567;600;1500;1
��-103-11;1054510004;192;1500;1
��-104-11;2279800042;1200;750;1
��-104-21;1000090309;300;750;1
��-105-11;7667900002;1344;1500;1
��-106-11;2279800027;3840;750;1
��-106-21;1000058477;120;750;1
��-107-11;1000129794;240;1500;1
��-108-11;2145100010;270;750;1
��-108-21;1000081028;1440;750;1
��-109-11;1000129794;240;1500;1
��-110-11;1599401503;1500;750;1
��-110-21;1086690002;648;750;1
��-111-11;1189997225;1782;1500;1
��-112-11;1623200048;960;750;1
��-112-21;5012099908;2440;750;1
��-113-11;1000026144;2400;1500;1
��-114-11;1000117098;11760;750;1
��-114-21;6949995614;3360;750;1
��-115-11;1000129793;800;1500;1
��-116-11;9919990071;440;750;1
��-116-21;1000090310;1100;750;1
��-117-11;1000129793;800;1500;1
��-118-11;1000115894;568;750;1
��-118-21;1000111110;1248;750;1
��-119-11;1000078886;720;1500;1
��-120-11;1000094516;2592;750;1
��-120-21;5011656711;5040;750;1
��-001-11;1000068415;2880;1500;1
��-002-11;1000056389;660;750;1
��-002-21;1000067765;600;750;1
��-003-11;1000068415;2880;1500;1
��-004-11;1000075426;300;750;1
��-004-21;9939990021;1400;750;1
��-005-11;1056300019;280;1500;1
��-006-11;1000017680;12;750;1
��-006-21;9932420003;1500;750;1
��-007-11;1000083904;7680;750;1
��-007-21;1000067724;60;750;1
��-008-11;1823200106;504;750;1
��-008-21;9916420001;400;750;1
��-009-11;2123200119;7200;750;1
��-009-21;1000078983;1000;750;1
��-010-11;1963100003;3672;750;1
��-010-21;1000016391;6006;750;1
��-011-11;1599401727;11550;750;1
��-011-21;1000083614;600;750;1
��-012-11;1000078980;1600;750;1
��-012-21;9924200006;1196;750;1
��-013-11;1000116506;444;750;1
��-013-21;1000005860;600;750;1
��-014-11;1000016393;5988;750;1
��-014-21;1015628804;2835;750;1
��-015-11;1000016392;100;750;1
��-015-21;1041239901;639;750;1
��-016-11;1000037960;80;750;1
��-016-21;1000083619;840;750;1
��-017-11;1599400203;816;750;1
��-017-21;1000037956;20;750;1
��-018-11;1000102438;728;750;1
��-018-21;1000122777;980;750;1
��-019-11;1000077902;320;750;1
��-019-21;9912320002;1116;750;1
��-020-11;1000117061;336;1500;1
��-021-11;1000028055;6720;750;1
��-021-21;2123200130;486;750;1
��-022-11;1000133679;16666;1500;1
��-023-11;3111633176;5102;750;1
��-023-21;3147800001;1440;750;1
��-024-11;1000133679;16666;1500;1
��-025-11;1000062038;192;750;1
��-025-21;1052320007;156;750;1
��-026-11;1000112249;1584;1500;1
��-027-11;1000094593;1680;750;1
��-027-21;9919990079;12000;750;1
��-028-11;1097400002;6300;1500;1
��-029-11;3117800005;7200;750;1
��-029-21;1000061387;720;750;1
��-030-11;1086690008;360;1500;1
��-031-11;1000018174;4608;750;1
��-031-21;2400014975;210;750;1
��-032-11;1000111726;1200;1500;1
��-033-11;1600000411;168;750;1
��-033-21;1000016390;5988;750;1
��-034-11;1000111726;1080;1500;1
��-035-11;1000022657;1050;750;1
��-035-21;1000025341;741;750;1
��-036-11;1000106412;128;1500;1
��-037-11;2279800008;4920;1500;1
��-038-11;1183473001;2880;1500;1
��-039-11;1000070224;224;1500;1
��-040-11;1028800177;2520;1500;1
��-041-11;1000107921;980;1500;1
��-042-11;1028800177;2520;1500;1
��-043-11;1460900015;1152;1500;1
��-044-11;1056090028;1524;750;1
��-044-21;1963100001;3672;750;1
��-045-11;1460900015;1152;1500;1
��-046-11;1000057845;252;750;1
��-046-21;3125780004;7000;750;1
��-047-11;9509900029;288;1500;1
��-048-11;3125780002;12600;750;1
��-048-21;1000108673;161;750;1
��-049-11;1038000014;5400;1500;1
��-050-11;1596700001;760;750;1
��-050-21;1000050698;2761;750;1
��-051-11;1000026927;320;1500;1
��-052-11;1000088978;1716;750;1
��-052-21;1101050020;348;750;1
��-053-11;1000026927;320;1500;1
��-054-11;2279800040;1200;750;1
��-054-21;1000111109;300;750;1
��-055-11;1000127539;168;1500;1
��-056-11;2400007950;1560;750;1
��-056-21;1000122776;840;750;1
��-057-11;1056090054;372;1500;1
��-058-11;1599400508;3042;750;1
��-058-21;1000006197;2880;750;1
��-059-11;1000106413;320;1500;1
��-060-11;3142420004;1488;750;1
��-060-21;3125780008;1140;750;1
��-061-11;1000057329;1000;750;1
��-061-21;1599401500;1000;750;1
��-062-11;1000106413;320;1500;1
��-063-11;4000000442;6300;750;1
��-063-21;1000090165;576;750;1
��-064-11;6949990377;2560;1500;1
��-065-11;1554600009;80;750;1
��-065-21;1052320006;252;750;1
��-066-11;1038000013;5940;1500;1
��-067-11;1000065902;448;1500;1
��-068-11;5011656710;1680;1500;1
��-069-11;1000065902;448;1500;1
��-070-11;5011656710;1680;1500;1
��-071-11;1000109119;270;1500;1
��-072-11;1000094515;2592;1500;1
��-073-11;1000026795;1440;1500;1
��-074-11;1000036660;120;750;1
��-074-21;1599401504;700;750;1
��-075-11;7051128802;4320;1500;1
��-076-11;9938650002;1728;750;1
��-076-21;2279800041;720;750;1
��-077-11;1000070225;256;1500;1
��-078-11;1557800026;7000;750;1
��-078-21;1049990369;2736;750;1
��-079-11;1000016394;7592;750;1
��-079-21;1054510075;120;750;1
��-080-11;1000090903;9360;750;1
��-080-21;5011728805;4500;750;1
��-081-11;1000112347;252;750;1
��-081-21;1000133973;4608;750;1
��-082-11;1005780006;2475;750;1
��-082-21;1000057225;1440;750;1
��-083-11;1000052853;30;750;1
��-083-21;1086690011;840;750;1
��-084-11;1000097074;444;750;1
��-084-21;1000092737;2195;750;1
��-085-11;1000003308;4200;750;1
��-085-21;1599401444;1296;750;1
��-086-11;1000070225;256;1500;1
��-087-11;1460900017;3168;750;1
��-087-21;1000042753;3420;750;1
��-088-11;6949990376;3200;1500;1
��-089-11;1000111107;864;750;1
��-089-21;9935460001;858;750;1
��-090-11;3125780007;8750;1500;1
��-091-11;1052320020;228;750;1
��-091-21;1000126987;2670;750;1
��-092-11;1000050437;600;1500;1
��-093-11;1000057844;1248;750;1
��-093-21;2279800007;2000;750;1
��-094-11;1000050437;600;1500;1
��-095-11;1000098367;1152;750;1
��-095-21;1470400018;3360;750;1
��-096-11;2199910272;960;1500;1
��-097-11;2400008840;700;1500;1
��-098-11;2279800038;1920;750;1
��-098-21;1500000110;3600;750;1
��-099-11;1000050438;600;1500;1
��-100-11;1049995119;2450;750;1
��-100-21;1000054546;1444;750;1
��-101-11;1000050438;600;1500;1
��-102-11;3354250002;864;750;1
��-102-21;3125780010;7000;750;1
��-103-11;6949990375;2496;1500;1
��-104-11;1000016399;7280;750;1
��-104-21;1056020180;2880;750;1
��-105-11;1052320030;600;1500;1
��-106-11;1000108283;640;750;1
��-106-21;1000076636;6720;750;1
��-107-11;1699911020;1296;1500;1
��-108-11;1000113422;3168;750;1
��-108-21;1000056388;2400;750;1
��-109-11;1699911020;1296;1500;1
��-110-11;1009990127;12250;750;1
��-110-21;1498900219;1408;750;1
��-111-11;1000035915;1120;1500;1
��-112-11;1000013601;390;750;1
��-112-21;2006110013;1200;750;1
��-113-11;3114950007;360;1500;1
��-114-11;1557800036;5280;750;1
��-114-21;1056020099;3564;750;1
��-115-11;2006750018;720;1500;1
��-116-11;2123200006;1872;750;1
��-116-21;1000042468;540;750;1
��-117-11;2006750018;720;1500;1
��-118-11;1000002996;216;750;1
��-118-21;1000116505;360;750;1
��-119-11;1000105094;680;1500;1
��-120-11;1052320019;384;750;1
��-120-21;1000115008;600;750;1
��-001-11;1599400507;6122;750;1
��-001-21;1000016398;205;750;1
��-002-11;1000082429;4060;1500;1
��-003-11;1000016396;800;750;1
��-003-21;9924200004;1872;750;1
��-004-11;1199993731;560;1500;1
��-005-11;1499919558;225;750;1
��-005-21;1000075425;720;750;1
��-006-11;1000097847;336;1500;1
��-007-11;1564200005;15000;1500;1
��-008-11;1106100081;730;1500;2
��-009-11;1000060733;310077;1500;1
��-010-11;5011199921;2160;1500;2
��-011-11;1000133677;14880;1500;1
��-012-11;5011199921;2160;1500;2
��-013-11;1000133576;2880;1500;2
��-014-11;1635300123;2880;750;2
��-014-21;1635300020;2304;750;2
��-015-11;1699920481;480;1500;2
��-016-11;1036020005;1608;750;2
��-016-21;1000106285;5220;750;2
��-017-11;1000100320;1050;1500;2
��-018-11;1000093192;2880;750;2
��-018-21;1000044797;11200;750;2
��-019-11;1000048427;4160;1500;2
��-020-11;1685600006;432;1500;2
��-021-11;1000048427;4160;1500;2
��-022-11;1685600006;432;1500;2
��-023-11;1600000503;600;1500;2
��-024-11;1685600006;432;1500;2
��-025-11;1685600006;432;1500;2
��-026-11;1685600003;432;1500;2
��-027-11;1000040686;637;1500;2
��-028-11;1685600003;432;1500;2
��-029-11;1000040686;637;1500;2
��-030-11;1685600003;432;1500;2
��-031-11;1000000385;360;1500;2
��-032-11;1000049739;2048;1500;2
��-033-11;1000000385;360;1500;2
��-034-11;1016090036;864;1500;2
��-035-11;1000039683;441;1500;2
��-036-11;1000057991;320;1500;2
��-037-11;1000077720;576;1500;2
��-038-11;1000098852;396;750;2
��-038-21;1000094500;1440;750;2
��-039-11;3133530002;1280;1500;2
��-040-11;1000074594;3680;750;2
��-040-21;1000074596;2688;750;2
��-041-11;3133530002;1280;1500;2
��-042-11;3071600003;8100;750;2
��-042-21;1661500010;7680;750;2
��-043-11;1000006839;3465;1500;2
��-044-11;1115930079;3024;750;2
��-044-21;1000057960;3024;750;2
��-045-11;1000097075;288;1500;2
��-046-11;1030080165;2160;750;2
��-046-21;1116090056;4032;750;2
��-047-11;1000060056;660;1500;2
��-048-11;1039990572;3072;750;2
��-048-21;1699100948;560;750;2
��-049-11;1000060056;660;1500;2
��-050-11;5556156801;960;1500;2
��-051-11;1699100362;384;1500;2
��-052-11;5556156801;960;1500;2
��-053-11;1000053678;1280;1500;2
��-054-11;1133538028;600;1500;2
��-055-11;1699910856;504;1500;2
��-056-11;1000012378;1700;1500;2
��-057-11;1699910856;504;1500;2
��-058-11;1000060520;1152;1500;2
��-059-11;1000113207;400;1500;2
��-060-11;4000005425;3290;1500;2
��-061-11;1000068360;1760;1500;2
��-062-11;3441610038;864;1500;2
��-063-11;1000055645;864;1500;2
��-064-11;1000071983;448;1500;2
��-065-11;1000055645;864;1500;2
��-066-11;3090750207;924;1500;2
��-067-11;1000039491;390;1500;2
��-068-11;1000002618;440;1500;2
��-069-11;1000055644;864;1500;2
��-070-11;1699100365;448;1500;2
��-071-11;1000002618;440;1500;2
��-072-11;1181230059;1760;1500;2
��-073-11;1699920922;1760;1500;2
��-074-11;3443180002;3564;1500;2
��-075-11;1000081769;1536;1500;2
��-076-11;3443180002;3564;1500;2
��-077-11;1039990570;3072;1500;2
��-078-11;1699920573;2160;1500;2
��-079-11;1039990576;2400;750;2
��-079-21;2009990169;384;750;2
��-080-11;1699919141;216;1500;2
��-081-11;1000081132;672;750;2
��-081-21;1617200073;3120;750;2
��-082-11;1019990116;3960;1500;2
��-083-11;1000016288;6240;750;2
��-083-21;1000105607;1440;750;2
��-084-11;1019990116;3960;1500;2
��-085-11;1049993132;540;1500;2
��-086-11;1000085798;3360;750;2
��-086-21;1059990585;6000;750;2
��-087-11;1011090016;612;1500;2
��-088-11;1119991010;2232;750;2
��-088-21;1106090052;1456;750;2
��-089-11;1699101336;480;1500;2
��-090-11;1002400010;2736;750;2
��-090-21;1525900001;2208;750;2
��-091-11;1699101336;480;1500;2
��-092-11;1600000502;1152;750;2
��-092-21;4000021537;2604;750;2
��-093-11;1016090006;1728;1500;2
��-094-11;1000027797;1920;750;2
��-094-21;1019990085;6666;750;2
��-095-11;1000001784;1680;1500;2
��-096-11;1000042236;1764;750;2
��-096-21;1056470058;1920;750;2
��-097-11;1000050529;600;1500;2
��-098-11;1560200049;1164;1500;2
��-099-11;1000050529;600;1500;2
��-100-11;1000108626;1232;1500;2
��-101-11;1000000220;576;1500;2
��-102-11;1699100941;560;1500;2
��-103-11;1616300016;560;750;2
��-103-21;1000058286;432;750;2
��-104-11;3090750205;3456;1500;2
��-105-11;1051230045;1008;750;2
��-105-21;1115930010;384;750;2
��-106-11;1600000289;1440;1500;2
��-107-11;1019990117;6666;750;2
��-107-21;1524200017;1400;750;2
��-108-11;1600000289;1440;1500;2
��-109-11;1699100946;560;1500;2
��-110-11;1016300004;3600;750;2
��-110-21;1000027025;3000;750;2
��-111-11;1000115156;1056;1500;2
��-112-11;1019990083;5456;750;2
��-112-21;1115930114;1392;750;2
��-113-11;1699910635;2133;1500;2
��-114-11;3070910412;3600;750;2
��-114-21;1000028965;1152;750;2
��-115-11;1699910635;2133;1500;2
��-116-11;3113660001;630;1500;2
��-117-11;3441610037;3564;1500;2
��-118-11;3113660001;630;1500;2
��-119-11;1000104535;396;1500;2
��-120-11;1799900191;1728;1500;2
��-001-11;1000045887;420;750;2
��-001-21;1000112706;960;750;2
��-002-11;1000030411;1764;750;2
��-002-21;1016090028;3600;750;2
��-003-11;1000041807;420;750;2
��-003-21;1109560034;920;750;2
��-004-11;1000112621;832;750;2
��-004-21;1000050809;2016;750;2
��-005-11;1000095914;480;750;2
��-005-21;1032420001;2940;750;2
��-006-11;1106100010;876;750;2
��-006-21;1115930077;1728;750;2
��-007-11;1000111971;1117;1500;2
��-008-11;1626800073;1740;750;2
��-008-21;1626800062;1200;750;2
��-009-11;1000095915;480;1500;2
��-010-11;1000024131;512;750;2
��-010-21;1101050010;480;750;2
��-011-11;1016300015;2160;1500;2
��-012-11;5011656702;2016;750;2
��-012-21;1042310001;576;750;2
��-013-11;1016300015;2160;1500;2
��-014-11;1032420007;3024;750;2
��-014-21;1115930115;1584;750;2
��-015-11;1000023339;720;1500;2
��-016-11;1610600006;1760;750;2
��-016-21;1101690062;792;750;2
��-017-11;1000093292;432;1500;2
��-018-11;1617200087;279;750;2
��-018-21;1111690024;1522;750;2
��-019-11;3443170001;2304;750;2
��-019-21;1630000018;864;750;2
��-020-11;1599401820;1800;1500;2
��-021-11;1056020286;1296;750;2
��-021-21;3441610010;2295;750;2
��-022-11;1599401820;1800;1500;2
��-023-11;1121692033;400;750;2
��-023-21;1106090009;1380;750;2
��-024-11;1626800024;432;1500;2
��-025-11;1019990086;1320;750;2
��-025-21;1000125258;860;750;2
��-026-11;1106090014;2880;750;2
��-026-21;1000113284;3360;750;2
��-027-11;1016090001;2160;750;2
��-027-21;1000072994;1680;750;2
��-028-11;1000050991;480;750;2
��-028-21;1106090194;1800;750;2
��-029-11;1032420004;2744;750;2
��-029-21;1000097898;864;750;2
��-030-11;1000016861;2592;750;2
��-030-21;3071200007;1300;750;2
��-031-11;1106008069;1368;750;2
��-031-21;1652300068;189;750;2
��-032-11;1000085734;360;1500;2
��-033-11;1116090034;2940;750;2
��-033-21;1009991480;448;750;2
��-034-11;1000050150;576;1500;2
��-035-11;1699100617;440;750;2
��-035-21;1055670001;1392;750;2
��-036-11;1000050150;576;1500;2
��-037-11;1699919510;600;1500;2
��-038-11;1516100015;1008;1500;2
��-039-11;1626800074;780;1500;2
��-040-11;1610600038;432;1500;2
��-041-11;1000075887;1080;1500;2
��-042-11;1699919510;600;1500;2
��-043-11;1000061348;1680;1500;2
��-044-11;1000125100;170;750;2
��-044-21;1000124354;360;750;2
��-045-11;1000061348;1680;1500;2
��-046-11;3076000002;1859;750;2
��-046-21;1016090052;1500;750;2
��-047-11;1019990084;1008;1500;2
��-048-11;1106090013;1380;750;2
��-048-21;1115930013;3024;750;2
��-049-11;1699910604;1600;1500;2
��-050-11;1000075882;2040;750;2
��-050-21;1056020032;5376;750;2
��-051-11;1524200012;1680;1500;2
��-052-11;1000127386;390;750;2
��-052-21;1000037063;896;750;2
��-053-11;1524200012;1680;1500;2
��-054-11;1055930003;948;750;2
��-054-21;1516100019;324;750;2
��-055-11;1000014231;1000;750;2
��-055-21;1524200009;3136;750;2
��-056-11;1524200094;1920;1500;2
��-057-11;1000125075;108;750;2
��-057-21;1112310022;2880;750;2
��-058-11;1189992022;1512;1500;2
��-059-11;9509200018;2496;750;2
��-059-21;1039990574;2160;750;2
��-060-11;1699101337;1008;1500;2
��-061-11;1000107766;960;1500;2
��-062-11;3441610028;900;1500;2
��-063-11;1100000014;1001;1500;2
��-064-11;3091160104;3456;1500;2
��-065-11;1000116695;840;1500;2
��-066-11;1000107766;960;1500;2
��-067-11;3075520001;1200;1500;2
��-068-11;1031610017;2619;750;2
��-068-21;1039990274;1400;750;2
��-069-11;3075520001;1200;1500;2
��-070-11;1119991011;2232;750;2
��-070-21;1119991012;2232;750;2
��-071-11;1524200026;1680;1500;2
��-072-11;1000130848;7776;750;2
��-072-21;1699100466;1440;750;2
��-073-11;1016090029;3420;1500;2
��-074-11;1115930007;3024;1500;2
��-075-11;1000031375;240;1500;2
��-076-11;1039990273;1400;1500;2
��-077-11;1041640014;1350;1500;2
��-078-11;1039990273;1400;1500;2
��-079-11;1039990571;3072;1500;2
��-080-11;1055930112;1860;750;2
��-080-21;1000116696;2352;750;2
��-081-11;1000084212;2520;1500;2
��-082-11;3074100025;768;750;2
��-082-21;1000126782;432;750;2
��-083-11;1699911046;1728;1500;2
��-084-11;1016300012;2160;750;2
��-084-21;1101230018;2496;750;2
��-085-11;1115930081;1008;750;2
��-085-21;1633576071;432;750;2
��-086-11;1699911046;1728;1500;2
��-087-11;3070960404;3296;750;2
��-087-21;1524200028;1680;750;2
��-088-11;1034350106;3024;1500;2
��-089-11;1699101331;220;750;2
��-089-21;5013999074;2112;750;2
��-090-11;1524200095;1920;1500;2
��-091-11;1016090030;3360;750;2
��-091-21;1101690066;992;750;2
��-092-11;1000126781;560;1500;2
��-093-11;1000127387;1560;750;2
��-093-21;1000039490;390;750;2
��-094-11;1000115048;600;1500;2
��-095-11;1121690033;3062;750;2
��-095-21;1006470005;1440;750;2
��-096-11;1032420005;2744;1500;2
��-097-11;1321056005;720;1500;2
��-098-11;2400021614;864;1500;2
��-099-11;1016210002;900;1500;2
��-100-11;2400021614;864;1500;2
��-101-11;1016210002;900;1500;2
��-102-11;1626800036;1440;1500;2
��-103-11;1000089148;1680;1500;2
��-104-11;1626800027;360;1500;2
��-105-11;1000101489;1476;1500;2
��-106-11;1000077808;1032;1500;2
��-107-11;1599400182;2880;1500;2
��-108-11;1560200069;2304;1500;2
��-109-11;1000055410;5520;750;2
��-109-21;1524200089;1030;750;2
��-110-11;1599400182;2880;1500;2
��-111-11;1000016860;7680;750;2
��-111-21;1032420023;396;750;2
��-112-11;1000077342;756;1500;2
��-113-11;1000019842;684;750;2
��-113-21;3441610031;864;750;2
��-114-11;1000093733;2880;1500;2
��-115-11;3090750111;3456;750;2
��-115-21;1000079356;1208;750;2
��-116-11;1000125969;48;1500;2
��-117-11;1056020194;2304;750;2
��-117-21;2009990170;1792;750;2
��-118-11;1000125969;48;1500;2
��-119-11;1649000002;3600;750;2
��-119-21;1000126783;432;750;2
��-120-11;3442420013;864;1500;2
��-001-11;1000093772;320;1500;2
��-002-11;1119991013;2100;750;2
��-002-21;1016300013;2112;750;2
��-003-11;1000020301;574;1500;2
��-004-11;1000126786;480;750;2
��-004-21;1699910555;1352;750;2
��-005-11;1000020301;574;1500;2
��-006-11;1000025785;2940;750;2
��-006-21;1106090184;2240;750;2
��-007-11;2400022466;1440;750;2
��-007-21;1000058280;240;750;2
��-008-11;1000005171;1920;750;2
��-008-21;1034351001;1800;750;2
��-009-11;1000112547;2156;750;2
��-009-21;1000005531;1440;750;2
��-010-11;3442420001;3456;750;2
��-010-21;641;1280;750;2
��-011-11;1039990275;2160;750;2
��-011-21;1056100064;3168;750;2
��-012-11;1000004706;576;750;2
��-012-21;1000033900;576;750;2
��-013-11;3091160108;3136;1500;2
��-014-11;1524200018;1400;750;2
��-014-21;1020061501;1536;750;2
��-015-11;1669800001;2304;1500;2
��-016-11;6009999953;2592;750;2
��-016-21;1000126788;272;750;2
��-017-11;1116090044;3648;1500;2
��-018-11;1000001339;840;750;2
��-018-21;1056470067;3600;750;2
��-019-11;1630000015;252;750;2
��-019-21;1000017054;3432;750;2
��-020-11;1116090044;3648;1500;2
��-021-11;1006100005;2560;750;2
��-021-21;1610600039;432;750;2
��-022-11;3448300004;924;1500;2
��-023-11;1105930014;1296;750;2
��-023-21;2400021032;780;750;2
��-024-11;1116090006;3264;1500;2
��-025-11;1617200049;1320;750;2
��-025-21;1617200007;1026;750;2
��-026-11;1106080155;1744;750;2
��-026-21;1524200086;1150;750;2
��-027-11;1009991093;448;750;2
��-027-21;1524200025;2112;750;2
��-028-11;1000013703;2190;750;2
��-028-21;1699100593;230;750;2
��-029-11;1006090022;588;750;2
��-029-21;2400002481;1772;750;2
��-030-11;1000081759;5760;750;2
��-030-21;1109990013;930;750;2
��-031-11;1000112620;1632;750;2
��-031-21;1617200088;1120;750;2
��-032-11;1653100005;648;1500;2
��-033-11;1000084775;1792;750;2
��-033-21;1040120120;2304;750;2
��-034-11;1653100005;648;1500;2
��-035-11;3091160101;4116;750;2
��-035-21;1106100132;1140;750;2
��-036-11;2400022472;1440;1500;2
��-037-11;3111720021;208;750;2
��-037-21;1551700001;1920;750;2
��-038-11;1104800010;1260;750;2
��-038-21;1080280008;4608;750;2
��-039-11;2199910290;2316;750;2
��-039-21;1000081209;1504;750;2
��-040-11;1000037893;1152;750;2
��-040-21;1056090089;2460;750;2
��-041-11;2005950062;160;750;2
��-041-21;1000020873;48;750;2
��-042-11;1039990528;3024;750;2
��-042-21;1524200014;1680;750;2
��-043-11;1106090028;2640;750;2
��-043-21;1000055220;792;750;2
��-044-11;1000085732;588;750;2
��-044-21;1000132280;426;750;2
��-045-11;1106060131;96;750;2
��-045-21;1000032122;840;750;2
��-046-11;1626800077;1070;750;2
��-046-21;1000001342;960;750;2
��-047-11;1000097997;1904;750;2
��-047-21;1056130004;456;750;2
��-048-11;1000106571;1968;750;2
��-048-21;1652300050;216;750;2
��-049-11;1111690031;2112;1500;2
��-050-11;1617200006;864;750;2
��-050-21;1013910009;1728;750;2
��-051-11;1042229918;640;1500;2
��-052-11;1000050810;1072;750;2
��-052-21;2400000128;2784;750;2
��-053-11;1000065393;1267;1500;2
��-054-11;1106080156;1799;750;2
��-054-21;1080280040;1920;750;2
��-055-11;1000065393;1267;1500;2
��-056-11;1106060096;1880;750;2
��-056-21;1106100011;1548;750;2
��-057-11;1000094881;2100;1500;2
��-058-11;1042229978;960;750;2
��-058-21;1104800005;1200;750;2
��-059-11;1000013721;1440;1500;2
��-060-11;1120050802;1400;750;2
��-060-21;1000044376;975;750;2
��-061-11;3443170013;3024;750;2
��-061-21;2400019075;1248;750;2
��-062-11;1000112622;1760;750;2
��-062-21;1000073380;560;750;2
��-063-11;1104800012;1296;750;2
��-063-21;3070930516;240;750;2
��-064-11;1000057958;276;750;2
��-064-21;1024264901;2880;750;2
��-065-11;1000096309;378;750;2
��-065-21;1116090055;3840;750;2
��-066-11;1000072250;1904;750;2
��-066-21;1000116697;2160;750;2
��-067-11;1000113125;1200;1500;2
��-068-11;1000023088;1792;750;2
��-068-21;1120050801;1400;750;2
��-069-11;1000045898;1116;1500;2
��-070-11;1617200005;1440;750;2
��-070-21;1000017308;432;750;2
��-071-11;1000096157;252;1500;2
��-072-11;1000050808;2400;750;2
��-072-21;1055930166;960;750;2
��-073-11;1000008957;900;750;2
��-073-21;1000133017;2880;750;2
��-074-11;1000093340;576;750;2
��-074-21;1000091645;1152;750;2
��-075-11;1699919913;360;750;2
��-075-21;1106100084;1400;750;2
��-076-11;1000027661;24;750;2
��-076-21;1000111729;416;750;2
��-077-11;1106100073;950;750;2
��-077-21;1107300025;1400;750;2
��-078-11;1000125963;3000;750;2
��-078-21;1000026813;1996;750;2
��-079-11;1020280004;1709;750;2
��-079-21;1106020135;2328;750;2
��-080-11;1000133149;4032;1500;2
��-081-11;1000125745;20;750;2
��-081-21;1120050807;1400;750;2
��-082-11;1000050811;1088;1500;2
��-083-11;1000060134;1632;750;2
��-083-21;1000084776;224;750;2
��-084-11;2400011512;2120;1500;2
��-085-11;1626800072;540;750;2
��-085-21;1000008896;56;750;2
��-086-11;9509200074;1400;750;2
��-086-21;1000127385;432;750;2
��-087-11;1000001341;456;750;2
��-087-21;1106100054;1400;750;2
��-088-11;1000026157;1080;750;2
��-088-21;1000114878;576;750;2
��-089-11;1000079161;837;750;2
��-089-21;1000050993;506;750;2
��-090-11;1000108671;168;750;2
��-090-21;1049999968;4320;750;2
��-091-11;1000078653;1728;750;2
��-091-21;1000111736;864;750;2
��-092-11;1599400181;2880;1500;2
��-093-11;1106100080;770;750;2
��-093-21;1000042676;2340;750;2
��-094-11;1106100079;1400;1500;2
��-095-11;1000023022;2016;750;2
��-095-21;1106100133;1140;750;2
��-096-11;1000126377;1792;1500;2
��-097-11;1000044780;768;750;2
��-097-21;1000095761;920;750;2
��-098-11;1599401818;2112;750;2
��-098-21;1000085323;688;750;2
��-099-11;1000111733;460;750;2
��-099-21;1199991244;504;750;2
��-100-11;1000126378;1792;750;2
��-100-21;3071090601;576;750;2
��-101-11;1000113413;1860;750;2
��-101-21;1056020222;876;750;2
��-102-11;1699910687;480;750;2
��-102-21;1699100360;72;750;2
��-103-11;1112061003;3456;1500;2
��-104-11;1000099256;1499;1500;2
��-105-11;1000017277;1365;1500;2
��-106-11;1199993134;384;1500;2
��-107-11;1106020198;852;1500;2
��-108-11;1000130281;320;1500;2
��-109-11;5011199921;2160;1500;3
��-110-11;5011199921;2160;1500;3
��-111-11;5011199921;2160;1500;3
��-112-11;5011199921;2160;1500;3
��-113-11;5011199921;2160;1500;3
��-114-11;5011199921;2160;1500;3
��-115-11;1000039517;1800;1500;3
��-116-11;1000039517;1800;1500;3
��-117-11;1000039517;1800;1500;3
��-118-11;1000039517;1800;1500;3
��-119-11;1000039517;1800;1500;3
��-120-11;1000039517;1800;1500;3
��-001-11;1699919576;2184;1500;4
��-002-11;1000081108;936;1500;4
��-003-11;1699920501;672;1500;4
��-004-11;1000058020;2592;1500;4
��-005-11;1049993307;1100;1500;4
��-006-11;1636599919;800;1500;4
��-007-11;1069990135;1440;1500;4
��-008-11;1000037499;540;1500;4
��-009-11;1699910835;540;1500;4
��-010-11;1000058019;2592;1500;4
��-011-11;1626010001;1200;1500;4
��-012-11;1000058019;2592;1500;4
��-013-11;1620998009;432;1500;4
��-014-11;1000037498;540;1500;4
��-015-11;1620998009;432;1500;4
��-016-11;1000037498;540;1500;4
��-017-11;1000030623;1350;1500;4
��-018-11;1620998009;432;1500;4
��-019-11;1000051818;1024;1500;4
��-020-11;1000030623;1350;1500;4
��-021-11;1000051818;1024;1500;4
��-022-11;3072460804;1440;1500;4
��-023-11;1626011001;1440;1500;4
��-024-11;1000051818;1024;1500;4
��-025-11;1000091561;560;1500;4
��-026-11;1000037266;630;1500;4
��-027-11;1000091561;560;1500;4
��-028-11;1000037266;630;1500;4
��-029-11;1000091561;560;1500;4
��-030-11;1000091561;560;1500;4
��-031-11;1000111177;36;750;3
��-031-21;1000068622;1360;750;3
��-032-11;1000097533;630;1500;4
��-033-11;1699919214;2160;750;3
��-033-21;1000003816;1710;750;3
��-034-11;1000097533;630;1500;4
��-035-11;1000110227;480;750;3
��-035-21;1635300090;680;750;3
��-036-11;1000097533;630;1500;4
��-037-11;1633576078;2240;750;3
��-037-21;1000022658;1260;750;3
��-038-11;3070940309;840;1500;3
��-039-11;1000017309;1080;750;3
��-039-21;1696600026;672;750;3
��-040-11;1000033901;240;1500;3
��-041-11;1000114734;600;750;3
��-041-21;1626800033;440;750;3
��-042-11;5013999069;1944;1500;3
��-043-11;5013999064;880;1500;3
��-044-11;1000108822;768;1500;3
��-045-11;1000060047;576;1500;3
��-046-11;1000108822;768;1500;3
��-047-11;1000071725;768;1500;3
��-048-11;1000057328;2320;1500;3
��-049-11;1699920015;920;750;3
��-049-21;1000071137;3280;750;3
��-050-11;1000114735;90;750;3
��-050-21;1000072251;1020;750;3
��-051-11;1000069221;366;750;3
��-051-21;1000053341;216;750;3
��-052-11;1000029041;504;750;3
��-052-21;2123200008;480;750;3
��-053-11;1699920912;1260;750;3
��-053-21;1000125070;369;750;3
��-054-11;1000070692;1248;750;3
��-054-21;1000094248;4500;750;3
��-055-11;1000023340;720;1500;3
��-056-11;1000071725;768;1500;3
��-057-11;1000023340;720;1500;3
��-058-11;1000083322;420;1500;3
��-059-11;1000007768;450;1500;3
��-060-11;1000122784;10752;1500;3
��-061-11;1000054030;520;1500;3
��-062-11;1000126996;15120;750;3
��-062-21;1000108037;1995;750;3
��-063-11;1049995169;200;1500;3
��-064-11;1000126931;320;750;3
��-064-21;3071600001;3420;750;3
��-065-11;1049995169;200;1500;3
��-066-11;1000003476;468;750;3
��-066-21;1049990343;3528;750;3
��-067-11;1616300050;1728;750;3
��-067-21;1000126995;6480;750;3
��-068-11;1049995169;200;1500;3
��-069-11;3074100026;2624;750;3
��-069-21;1699920765;1120;750;3
��-070-11;1000093299;146;1500;3
��-071-11;2123200107;3456;750;3
��-071-21;3113001013;1176;750;3
��-072-11;1000093299;146;1500;3
��-073-11;1699101431;700;1500;3
��-074-11;1000107426;750;1500;3
��-075-11;1000109776;480;1500;3
��-076-11;5013999002;1920;1500;3
��-077-11;2123200131;672;1500;3
��-078-11;1699101431;700;1500;3
��-079-11;1000069220;648;750;3
��-079-21;1000023335;504;750;3
��-080-11;4000004913;1152;750;3
��-080-21;1000003814;1710;750;3
��-081-11;3070390459;4380;750;3
��-081-21;1000130849;11520;750;3
��-082-11;3010420008;1728;750;3
��-082-21;3400920201;224;750;3
��-083-11;1611300049;1140;750;3
��-083-21;1611300054;1760;750;3
��-084-11;1000108036;1645;750;3
��-084-21;1000075463;560;750;3
��-085-11;1000024630;1188;1500;3
��-086-11;1699920913;1176;1500;3
��-087-11;1000024630;1188;1500;3
��-088-11;1000097507;432;1500;3
��-089-11;1000076085;640;1500;3
��-090-11;1000097507;432;1500;3
��-091-11;1436100001;2860;1500;3
��-092-11;3111633168;7200;750;3
��-092-21;1000010799;2240;750;3
��-093-11;1000103242;960;1500;3
��-094-11;1000083984;1872;750;3
��-094-21;1661500036;7056;750;3
��-095-11;1000103242;960;1500;3
��-096-11;1823200116;5568;750;3
��-096-21;1616300079;6300;750;3
��-097-11;1000097533;630;1500;3
��-098-11;2127200012;2880;1500;3
��-099-11;3070940309;840;1500;3
��-100-11;1000044579;462;1500;3
��-101-11;3070940309;840;1500;3
��-102-11;1000044579;462;1500;3
��-103-11;1000044579;462;1500;3
��-104-11;1049990053;276;750;3
��-104-21;1112760004;560;750;3
��-105-11;1000106111;960;1500;3
��-106-11;3070940311;3720;750;3
��-106-21;1635300035;1584;750;3
��-107-11;3113530008;3024;1500;3
��-108-11;3111633161;8448;750;3
��-108-21;1611300048;10368;750;3
��-109-11;1000071462;288;1500;3
��-110-11;1635300108;3672;750;3
��-110-21;1000040172;1240;750;3
��-111-11;1000071462;288;1500;3
��-112-11;1661500024;7056;750;3
��-112-21;1000042888;3648;750;3
��-113-11;1000044580;462;1500;3
��-114-11;1661500013;7056;750;3
��-114-21;1647000073;10368;750;3
��-115-11;1000044580;462;1500;3
��-116-11;1000044580;462;1500;3
��-117-11;1000044580;462;1500;3
��-118-11;1000044580;462;1500;3
��-119-11;1000044580;462;1500;3
��-120-11;1000044580;462;1500;3
��-001-11;1000003812;360;1500;4
��-002-11;1699101172;1008;1500;4
��-003-11;1000105605;1728;1500;4
��-004-11;2154800005;360;1500;4
��-005-11;1000105605;1728;1500;4
��-006-11;2154800005;360;1500;4
��-007-11;1000103139;320;1500;4
��-008-11;1000037268;540;1500;4
��-009-11;1899912155;2232;1500;4
��-010-11;1699101169;630;1500;4
��-011-11;1000081107;936;1500;4
��-012-11;1000037267;540;1500;4
��-013-11;1000037267;540;1500;4
��-014-11;1000044741;2160;1500;4
��-015-11;1699101173;1008;1500;4
��-016-11;1000026174;5500;1500;4
��-017-11;1000006626;2304;1500;4
��-018-11;1000049511;784;1500;4
��-019-11;1000123220;1920;1500;4
��-020-11;1658500136;396;1500;4
��-021-11;1000123220;1920;1500;4
��-022-11;1000082691;1944;1500;4
��-023-11;1000026173;5500;1500;4
��-024-11;1000044742;2160;1500;4
��-025-11;1000128929;350;1500;4
��-026-11;1623699906;360;1500;4
��-027-11;3085520001;1680;1500;4
��-028-11;1000080668;1008;1500;4
��-029-11;3085520001;1680;1500;4
��-030-11;1000050690;945;1500;4
��-031-11;1000057459;800;1500;4
��-032-11;1000109826;720;1500;4
��-033-11;1623699905;784;1500;4
��-034-11;1000070928;552;1500;4
��-035-11;1000109826;720;1500;4
��-036-11;3115480010;480;1500;4
��-037-11;1000076084;640;1500;4
��-038-11;1051242645;165;750;4
��-038-21;1654800006;1152;750;4
��-039-11;1000076084;640;1500;4
��-040-11;1059990155;3240;750;4
��-040-21;1000104790;520;750;4
��-041-11;1000035015;1920;1500;4
��-042-11;1000127628;885;750;4
��-042-21;1000122759;1539;750;4
��-043-11;1000077703;1400;1500;4
��-044-11;1636599937;1728;750;4
��-044-21;1000076513;240;750;4
��-045-11;1000123319;2592;1500;4
��-046-11;1000085864;864;750;4
��-046-21;1000108759;972;750;4
��-047-11;1000100369;896;1500;4
��-048-11;3060830107;1680;750;4
��-048-21;3062360111;2880;750;4
��-049-11;1636599923;4000;1500;4
��-050-11;1000077705;1440;1500;4
��-051-11;1699900392;1232;1500;4
��-052-11;1000025032;1512;1500;4
��-053-11;1000077705;1440;1500;4
��-054-11;1626800051;1782;1500;4
��-055-11;1000116551;972;750;4
��-055-21;1000104788;939;750;4
��-056-11;1649500178;360;1500;4
��-057-11;1647000056;924;750;4
��-057-21;1000011116;2304;750;4
��-058-11;1649500178;360;1500;4
��-059-11;1000085863;972;750;4
��-059-21;1000110505;288;750;4
��-060-11;1000080695;1080;1500;4
��-061-11;1699919146;1728;1500;4
��-062-11;1000044770;980;1500;4
��-063-11;1000095960;2142;1500;4
��-064-11;1699911118;2160;1500;4
��-065-11;2170400006;1920;1500;4
��-066-11;1699911118;2160;1500;4
��-067-11;1000084598;1344;750;4
��-067-21;1000106908;1848;750;4
��-068-11;1000127886;1512;1500;4
��-069-11;1044571601;180;750;4
��-069-21;3079660003;640;750;4
��-070-11;1616080001;840;1500;4
��-071-11;1000083375;3360;750;4
��-071-21;1000103986;810;750;4
��-072-11;1000079159;672;1500;4
��-073-11;1000079159;672;1500;4
��-074-11;136;1008;1500;4
��-075-11;1699910251;1350;1500;4
��-076-11;1000126286;1536;1500;4
��-077-11;1000073582;640;1500;4
��-078-11;1649500093;420;1500;4
��-079-11;1000126930;896;1500;4
��-080-11;2142500004;675;750;4
��-080-21;1000026879;840;750;4
��-081-11;1000126930;896;1500;4
��-082-11;1000042326;675;750;4
��-082-21;1000126919;98;750;4
��-083-11;1000120580;972;1500;4
��-084-11;1600000297;465;750;4
��-084-21;1000099810;400;750;4
��-085-11;1626090002;500;1500;4
��-086-11;1654800005;480;1500;4
��-087-11;1000108758;972;1500;4
��-088-11;1600000300;945;1500;4
��-089-11;1000108758;972;1500;4
��-090-11;1000017155;768;1500;4
��-091-11;1000000486;2304;750;4
��-091-21;1626090001;420;750;4
��-092-11;1000017155;768;1500;4
��-093-11;1647000047;252;750;4
��-093-21;1000042329;180;750;4
��-094-11;1000108757;972;1500;4
��-095-11;1000079269;2070;750;4
��-095-21;1054510067;1020;750;4
��-096-11;1000106290;768;1500;4
��-097-11;1000113477;900;1500;4
��-098-11;1000000485;1216;750;4
��-098-21;1000111364;630;750;4
��-099-11;1000113477;900;1500;4
��-100-11;1899912156;144;750;4
��-100-21;1000111365;360;750;4
��-101-11;1000093121;1152;1500;4
��-102-11;1000127881;400;750;4
��-102-21;1000103421;576;750;4
��-103-11;2123200142;912;1500;4
��-104-11;1000028444;1024;750;4
��-104-21;1054510068;924;750;4
��-105-11;2142500001;468;1500;4
��-106-11;1000103987;810;750;4
��-106-21;1000107935;504;750;4
��-107-11;2142500001;468;1500;4
��-108-11;1000118393;1401;750;4
��-108-21;1000028442;1792;750;4
��-109-11;1000010388;1344;1500;4
��-110-11;1699900546;756;1500;4
��-111-11;1000103420;576;1500;4
��-112-11;1000079221;480;1500;4
��-113-11;2100000032;3696;1500;4
��-114-11;1000103422;576;1500;4
��-115-11;1000119532;1608;750;4
��-115-21;1000004328;480;750;4
��-116-11;1000057327;3160;750;4
��-116-21;4589999989;544;750;4
��-117-11;2123200009;504;750;4
��-117-21;1000095686;540;750;4
��-118-11;1000016894;1604;750;4
��-118-21;1000090839;72;750;4
��-119-11;1432400006;400;750;4
��-119-21;1000090838;96;750;4
��-120-11;1699900391;1232;750;4
��-120-21;1000101911;2220;750;4
��-001-11;1400000075;1560;750;12
��-001-21;1009991439;88;750;12
��-002-11;3062820003;768;750;12
��-002-21;9409600168;432;750;12
��-003-11;1000104751;1080;750;12
��-003-21;1000079357;720;750;12
��-004-11;1000011496;672;750;12
��-004-21;3091083302;800;750;12
��-005-11;1499919638;600;750;12
��-005-21;1000083458;234;750;12
��-006-11;1000103246;1008;750;12
��-006-21;1000079355;864;750;12
��-007-11;1000098423;840;750;12
��-007-21;1000125653;720;750;12
��-008-11;1000095257;300;1500;12
��-009-11;1000125054;588;750;12
��-009-21;1042229973;1620;750;12
��-010-11;1499919289;720;1500;12
��-011-11;1000103636;1716;750;12
��-011-21;1000107848;768;750;12
��-012-11;1000097331;720;1500;12
��-013-11;1499910126;720;1500;12
��-014-11;1000015447;1280;1500;12
��-015-11;1499919515;768;1500;12
��-016-11;1000015447;1280;1500;12
��-017-11;1543400003;576;1500;12
��-018-11;1499900146;972;1500;12
��-019-11;1000081738;135;1500;12
��-020-11;1000124339;576;1500;12
��-021-11;1499919593;924;1500;12
��-022-11;1000026249;517;1500;12
��-023-11;1000015290;192;1500;12
��-024-11;1000026249;517;1500;12
��-025-11;1000098138;1296;1500;11
��-026-11;1049995237;768;1500;12
��-027-11;1899800329;2475;1500;11
��-028-11;1009990126;1290;1500;12
��-029-11;1996300158;36;1500;11
��-030-11;1009990126;1290;1500;12
��-031-11;1000083168;836;750;11
��-031-21;1000083167;4928;750;11
��-032-11;1000103635;1716;1500;11
��-033-11;1000033919;1608;750;11
��-033-21;1632400003;1584;750;11
��-034-11;1919570006;1008;1500;11
��-035-11;1499900043;360;750;11
��-035-21;1000114918;1920;750;11
��-036-11;1996300157;2016;1500;11
��-037-11;5559879906;2688;1500;11
��-038-11;5555009915;1890;750;11
��-038-21;5552225302;744;750;11
��-039-11;1000014811;1440;1500;11
��-040-11;1000033562;2160;750;11
��-040-21;1000102505;1428;750;11
��-041-11;1000033918;1584;1500;11
��-042-11;1922900006;1890;750;11
��-042-21;1498900294;1188;750;11
��-043-11;1000129050;5040;750;11
��-043-21;1000024369;864;750;11
��-044-11;3062820028;648;750;11
��-044-21;3281930004;768;750;11
��-045-11;3060830554;1068;750;11
��-045-21;1000121711;660;750;11
��-046-11;9409611174;1560;750;11
��-046-21;1000002689;756;750;11
��-047-11;1919990357;2268;750;11
��-047-21;1000093170;1908;750;11
��-048-11;1000129545;2160;750;11
��-048-21;9819990001;480;750;11
��-049-11;5557080001;2688;750;11
��-049-21;1499919651;2256;750;11
��-050-11;3062960009;1392;750;11
��-050-21;1000112626;4200;750;11
��-051-11;1499919653;2160;750;11
��-051-21;1996300156;2268;750;11
��-052-11;1000001762;1920;750;11
��-052-21;1000112627;1440;750;11
��-053-11;5551670002;672;750;11
��-053-21;1000007951;1512;750;11
��-054-11;1000099820;1368;750;11
��-054-21;2400010002;2376;750;11
��-055-11;3272500044;2304;750;11
��-055-21;1000022942;1080;750;11
��-056-11;1000027302;1800;750;11
��-056-21;7700000200;576;750;11
��-057-11;3063780205;1224;750;11
��-057-21;1000001686;2880;750;11
��-058-11;1000078277;1200;750;11
��-058-21;1499919640;1800;750;11
��-059-11;1000001980;2376;750;11
��-059-21;1000014812;1440;750;11
��-060-11;3063780220;1464;750;11
��-060-21;1912290001;1200;750;11
��-061-11;5555552468;1800;750;11
��-061-21;1000095154;864;750;11
��-062-11;7509879901;2384;1500;11
��-063-11;1000014537;1176;750;11
��-063-21;1199991258;2304;750;11
��-064-11;1000128202;720;1500;11
��-065-11;3062820005;1332;750;11
��-065-21;2220989029;2592;750;11
��-066-11;1827700005;2475;1500;11
��-067-11;1000078278;1200;750;11
��-067-21;1000078279;1200;750;11
��-068-11;1827700005;2475;1500;11
��-069-11;1000042118;1600;750;11
��-069-21;1999601005;2016;750;11
��-070-11;2299900483;1944;1500;11
��-071-11;1000077686;720;750;11
��-071-21;1000044743;2880;750;11
��-072-11;1000021923;2592;1500;11
��-073-11;3319630608;2592;1500;11
��-074-11;3060810911;2592;1500;11
��-075-11;1042229919;1980;1500;11
��-076-11;3060810911;2592;1500;11
��-077-11;1042229919;1980;1500;11
��-078-11;1000128641;2592;1500;11
��-079-11;1499919650;2160;750;11
��-079-21;2299900395;3888;750;11
��-080-11;1000016461;1920;1500;11
��-081-11;1955330002;2016;750;11
��-081-21;1000044744;2880;750;11
��-082-11;1049993248;2160;1500;11
��-083-11;5555009928;1764;750;11
��-083-21;1000050533;1600;750;11
��-084-11;1000045692;2592;1500;11
��-085-11;1000038464;1280;750;11
��-085-21;1525900003;2064;750;11
��-086-11;1009990122;1681;1500;11
��-087-11;1009991438;224;750;11
��-087-21;1000109930;960;750;11
��-088-11;3060810917;2592;1500;11
��-089-11;1000033560;1680;750;11
��-089-21;1000125996;1980;750;11
��-090-11;3060811108;2592;1500;11
��-091-11;2200000023;2304;750;11
��-091-21;1000073107;1920;750;11
��-092-11;3060811108;2592;1500;11
��-093-11;1499919197;952;750;11
��-093-21;1015699927;1704;750;11
��-094-11;1000098139;1728;1500;11
��-095-11;9825000003;1296;750;11
��-095-21;1000121478;1920;750;11
��-096-11;1499900201;720;1500;11
��-097-11;1000121397;1800;1500;11
��-098-11;1000027174;720;1500;11
��-099-11;3331670043;2592;1500;11
��-100-11;1000027174;720;1500;11
��-101-11;3331670043;2592;1500;11
��-102-11;1499919207;768;1500;11
��-103-11;1000027173;720;1500;11
��-104-11;9409615562;2880;1500;11
��-105-11;3060830547;1680;1500;11
��-106-11;3331670090;3456;1500;11
��-107-11;1000116736;1680;1500;11
��-108-11;3060810713;2592;1500;11
��-109-11;1499900004;750;1500;11
��-110-11;1499910013;1680;750;11
��-110-21;1499919652;2244;750;11
��-111-11;1000093763;2100;1500;11
��-112-11;1000064338;1680;750;11
��-112-21;1019990045;460;750;11
��-113-11;1499919196;1680;1500;11
��-114-11;1000064337;1680;750;11
��-114-21;1000033561;2040;750;11
��-115-11;1411440001;1680;1500;11
��-116-11;1499919196;1680;1500;11
��-117-11;1411440001;1680;1500;11
��-118-11;1922900007;2016;1500;11
��-119-11;1411440002;1680;1500;11
��-120-11;1000025084;1650;1500;11
��-001-11;1000009949;216;750;12
��-001-21;1499919266;1200;750;12
��-002-11;1042349927;864;750;12
��-002-21;1419300017;708;750;12
��-003-11;1913060002;180;750;12
��-003-21;1000096879;768;750;12
��-004-11;1000045119;2880;750;12
��-004-21;1498900241;480;750;12
��-005-11;1913060003;700;750;12
��-005-21;1499900439;780;750;12
��-006-11;1400000165;912;750;12
��-006-21;1000103634;1716;750;12
��-007-11;1000081738;135;1500;21
��-008-11;1199991380;102;1500;21
��-009-11;1000081738;135;1500;21
��-010-11;1199991380;102;1500;21
��-011-11;1000081738;135;1500;21
��-012-11;1199991380;102;1500;21
��-013-11;1199991380;102;1500;21
��-014-11;3052970602;120;1500;21
��-015-11;1199991380;102;1500;21
��-016-11;1000094456;144;1500;21
��-017-11;9899996351;136;1500;21
��-018-11;1000112945;160;1500;21
��-019-11;1000112946;160;1500;22
��-020-11;1000112944;160;750;22
��-020-21;1000132750;930;750;22
��-021-11;1000095448;1080;1500;22
��-022-11;1000089071;900;750;22
��-022-21;9039220111;1056;750;22
��-023-11;1000060050;797;1500;22
��-024-11;1000089074;240;750;22
��-024-21;9899996184;732;750;22
��-025-11;1000089070;900;1500;23
��-026-11;1000060050;797;1500;23
��-027-11;1000102155;1368;1500;23
��-028-11;3272100009;504;1500;23
��-029-11;1599400215;384;1500;23
��-030-11;3274230002;480;1500;23
��-031-11;1514230003;840;750;23
��-031-21;3272100011;504;750;23
��-032-11;3272100010;504;1500;23
��-033-11;1000132746;930;750;23
��-033-21;9857200001;504;750;23
��-034-11;3050480018;800;1500;23
��-035-11;1000051119;504;750;23
��-035-21;1000046441;432;750;23
��-036-11;9842300001;480;1500;23
��-037-11;1599400215;384;1500;24
��-038-11;3052290031;384;1500;24
��-039-11;1599400215;384;1500;24
��-040-11;9858700005;384;1500;24
��-041-11;3050470003;384;1500;24
��-042-11;9899996503;456;1500;24
��-043-11;3050470003;384;1500;24
��-044-11;9858700006;384;1500;24
��-045-11;3050470003;384;1500;24
��-046-11;9858700004;384;1500;24
��-047-11;3272430018;384;1500;24
��-048-11;1000083781;384;1500;24
��-049-11;9899996503;456;1500;25
��-050-11;9899996502;456;1500;25
��-051-11;9899996503;456;1500;25
��-052-11;9899996502;456;1500;25
��-053-11;9899996503;456;1500;25
��-054-11;9899996502;456;1500;25
��-055-11;9899996502;456;1500;25
��-056-11;9899996637;504;1500;25
��-057-11;9899996637;504;1500;25
��-058-11;9899996637;504;1500;25
��-059-11;9899996637;504;1500;25
��-060-11;9899996638;504;1500;25
��-061-11;9899996638;504;1500;25
��-062-11;9899996615;456;1500;25
��-063-11;9899996638;504;1500;25
��-064-11;9899996615;456;1500;25
��-065-11;9899996638;504;1500;25
��-066-11;9899996615;456;1500;25
��-067-11;1000075066;504;1500;25
��-068-11;1000075066;504;1500;25
��-069-11;1000075066;504;1500;25
��-070-11;1544000210;504;1500;25
��-071-11;1000075066;504;1500;25
��-072-11;1544000210;504;1500;25
��-073-11;1544000210;504;1500;25
��-074-11;9899996797;504;1500;25
��-075-11;9899996797;504;1500;25
��-076-11;9899996797;504;1500;25
��-077-11;9899996797;504;1500;25
��-078-11;9899996797;504;1500;25
��-079-11;1521515002;504;1500;25
��-080-11;9899996349;456;1500;25
��-081-11;2400001913;504;1500;25
��-082-11;3050480015;456;1500;25
��-083-11;9899996349;456;1500;25
��-084-11;1544000211;504;1500;25
��-085-11;9899996346;456;1500;25
��-086-11;1000075067;504;1500;25
��-087-11;1000096090;504;1500;25
��-088-11;1000075067;504;1500;25
��-089-11;9818500001;504;1500;25
��-090-11;9899996548;504;1500;25
��-091-11;3274330001;504;1500;25
��-092-11;1000083775;384;1500;25
��-093-11;9899996336;456;1500;25
��-094-11;9899996343;456;1500;25
��-095-11;1000113024;456;1500;25
��-096-11;9899996343;456;1500;25
��-097-11;9899996769;180;1500;25
��-098-11;1000115291;456;1500;25
��-099-11;1000046439;432;1500;25
��-100-11;9899996796;504;1500;25
��-101-11;9899996353;456;1500;25
��-102-11;9145890209;504;1500;25
��-103-11;9145890209;504;1500;25
��-104-11;1000083777;384;1500;25
��-105-11;1000083390;432;1500;25
��-106-11;3052970601;504;1500;25
��-107-11;1000096091;504;1500;25
��-108-11;9819310009;378;1500;25
��-109-11;1000115289;456;1500;25
��-110-11;1000023973;504;1500;25
��-111-11;1000115289;456;1500;25
��-112-11;1000046440;432;1500;25
��-113-11;1000114539;504;1500;25
��-114-11;1000083776;384;1500;25
��-115-11;1000083779;384;1500;25
��-116-11;1541500097;504;1500;25
��-117-11;1000097349;456;1500;25
��-118-11;9899996546;240;1500;25
��-119-11;1000097349;456;1500;25
��-120-11;9820614701;504;1500;25
��-001-11;9409611170;360;1500;32
��-002-11;3367460006;1000;1500;32
��-003-11;1393100213;432;1500;32
��-004-11;9409611170;360;1500;32
��-005-11;1393100213;432;1500;32
��-006-11;9409611170;360;1500;32
��-007-11;1855512402;864;750;31
��-007-21;1899900317;636;750;31
��-008-11;1000112450;1920;1500;31
��-009-11;1393100200;936;750;31
��-009-21;1519990027;720;750;31
��-010-11;1379900009;1344;1500;31
��-011-11;2400008418;1152;750;31
��-011-21;1000031485;348;750;31
��-012-11;1067040002;80;1500;31
��-013-11;1079990090;860;1500;31
��-014-11;2400008538;1152;1500;31
��-015-11;3152910004;1000;1500;31
��-016-11;1000130661;1008;1500;31
��-017-11;3152910005;720;1500;31
��-018-11;3139480004;720;1500;31
��-019-11;3284010217;660;1500;31
��-020-11;3139480002;720;1500;31
��-021-11;3139480006;720;1500;31
��-022-11;3139480009;1500;1500;31
��-023-11;1670400001;160;1500;31
��-024-11;3139480009;1500;1500;31
��-025-11;1370400001;1428;1500;31
��-026-11;1670400001;160;1500;31
��-027-11;1042229921;360;1500;31
��-028-11;1670400001;160;1500;31
��-029-11;1042229921;360;1500;31
��-030-11;1370400001;1428;1500;31
��-031-11;1042229921;360;1500;31
��-032-11;1042229921;360;1500;31
��-033-11;1042229921;360;1500;31
��-034-11;1042229921;360;1500;31
��-035-11;3284010204;1500;1500;31
��-036-11;1042229921;360;1500;31
��-037-11;3152910003;720;1500;31
��-038-11;3139480010;1000;1500;31
��-039-11;3152910003;720;1500;31
��-040-11;3139480010;1000;1500;31
��-041-11;3152910003;720;1500;31
��-042-11;3152910003;720;1500;31
��-043-11;3133780401;960;1500;31
��-044-11;3133780401;960;1500;31
��-045-11;3133780401;960;1500;31
��-046-11;3133780401;960;1500;31
��-047-11;3133780401;960;1500;31
��-048-11;3133780401;960;1500;31
��-049-11;3133780401;960;1500;31
��-050-11;3133780401;960;1500;31
��-051-11;3133780401;960;1500;31
��-052-11;3133780401;960;1500;31
��-053-11;3133780401;960;1500;31
��-054-11;3133780401;960;1500;31
��-055-11;3152910002;720;1500;31
��-056-11;3133780401;960;1500;31
��-057-11;3152910002;720;1500;31
��-058-11;3152910002;720;1500;31
��-059-11;3152910002;720;1500;31
��-060-11;3152910002;720;1500;31
��-061-11;1559100014;2160;1500;28
��-062-11;3152910002;720;1500;31
��-063-11;9409250706;1344;1500;28
��-064-11;3152910002;720;1500;31
��-065-11;9409250706;1344;1500;28
��-066-11;3152910002;720;1500;31
��-067-11;1000083385;1008;1500;27
��-068-11;1559100011;1296;1500;27
��-069-11;1559100010;1296;1500;27
��-070-11;3279600011;1296;1500;27
��-071-11;9409610256;1296;1500;27
��-072-11;1000083385;1008;1500;27
��-073-11;9825000015;1080;1500;27
��-074-11;1000083379;792;750;27
��-074-21;1525000029;432;750;27
��-075-11;3271850011;1440;1500;27
��-076-11;1000132749;480;750;27
��-076-21;9825000008;1224;750;27
��-077-11;1570400007;1152;1500;27
��-078-11;1000132747;216;750;27
��-078-21;1525000036;1296;750;27
��-079-11;3157710001;864;750;27
��-079-21;1379900005;1344;750;27
��-080-11;1570400005;1152;1500;27
��-081-11;9895900004;156;750;27
��-081-21;3152910007;1058;750;27
��-082-11;1570400005;1152;1500;27
��-083-11;9825000007;1224;750;27
��-083-21;1000023972;1140;750;27
��-084-11;9825000005;1080;1500;27
��-085-11;1599400026;1140;1500;27
��-086-11;1559100007;1296;1500;27
��-087-11;1000045474;1512;1500;27
��-088-11;1000091167;1296;1500;27
��-089-11;1000013567;1140;1500;27
��-090-11;1000091167;1296;1500;27
��-091-11;3052290002;600;1500;26
��-092-11;1000056788;1296;1500;27
��-093-11;1559100009;720;1500;26
��-094-11;1000080729;1440;1500;27
��-095-11;2400001903;720;1500;26
��-096-11;1000080730;1440;1500;27
��-097-11;1000045473;1512;1500;26
��-098-11;1525000040;1296;750;26
��-098-21;1525000037;1296;750;26
��-099-11;1000045473;1512;1500;26
��-100-11;1830800049;1512;750;26
��-100-21;1599400918;756;750;26
��-101-11;1000083384;468;1500;26
��-102-11;2400001906;84;750;26
��-102-21;1049993174;1608;750;26
��-103-11;3275910003;720;1500;26
��-104-11;3050480002;600;1500;26
��-105-11;1000127721;750;1500;26
��-106-11;1559100008;720;1500;26
��-107-11;1000127721;750;1500;26
��-108-11;3275910003;720;1500;26
��-109-11;1000113022;456;1500;25
��-110-11;9825000023;600;750;25
��-110-21;1000112943;600;750;25
��-111-11;1599990001;504;1500;25
��-112-11;1000083382;720;750;25
��-112-21;9825000025;600;750;25
��-113-11;9819310007;378;1500;25
��-114-11;1000113023;456;750;25
��-114-21;1000114540;504;750;25
��-115-11;9825000026;432;750;25
��-115-21;1522000001;504;750;25
��-116-11;9819310007;378;1500;25
��-117-11;1119991614;504;750;25
��-117-21;1000132748;500;750;25
��-118-11;3052190017;504;1500;25
��-119-11;9899996640;324;750;25
��-119-21;1572500001;336;750;25
��-120-11;9819310008;378;1500;25
��-001-11;3132360213;2160;1500;32
��-002-11;1000029331;720;1500;41
��-003-11;1099990016;720;1500;32
��-004-11;1000029331;720;1500;41
��-005-11;2400015902;960;1500;32
��-006-11;1000029331;720;1500;41
��-007-11;1000029331;720;1500;41
��-008-11;1000029331;720;1500;41
��-009-11;1000029331;720;1500;41
��-010-11;1000029331;720;1500;41
��-011-11;1000029331;720;1500;41
��-012-11;1000084297;750;1500;41
��-013-11;1000084297;750;1500;41
��-014-11;1799900109;330;1500;41
��-015-11;1000084297;750;1500;41
��-016-11;1799900109;330;1500;41
��-017-11;1000084297;750;1500;41
��-018-11;1799900109;330;1500;41
��-019-11;9639630174;675;1500;41
��-020-11;1799900041;750;1500;41
��-021-11;3020860002;675;1500;41
��-022-11;1799900114;600;1500;41
��-023-11;1799900098;330;1500;41
��-024-11;1799900025;600;1500;41
��-025-11;2400010295;675;1500;41
��-026-11;1000001632;384;1500;51
��-027-11;1799900259;320;1500;41
��-028-11;1000006092;540;1500;51
��-029-11;1000024381;384;1500;41
��-030-11;1000006092;540;1500;51
��-031-11;1000024381;384;1500;51
��-032-11;1000024382;384;1500;51
��-033-11;1555700011;360;1500;51
��-034-11;1000024384;384;1500;51
��-035-11;1000024382;384;1500;51
��-036-11;2400017292;360;1500;51
��-037-11;1000024373;384;1500;51
��-038-11;1510000042;360;1500;51
��-039-11;1000024373;384;1500;51
��-040-11;9812460024;384;1500;51
��-041-11;1000024383;384;1500;51
��-042-11;1000011311;384;1500;51
��-043-11;1000001633;384;1500;51
��-044-11;1000006092;540;1500;52
��-045-11;1000008379;384;1500;51
��-046-11;1000006092;540;1500;52
��-047-11;1000001634;384;1500;51
��-048-11;1000006091;540;1500;52
��-049-11;1000006091;540;1500;52
��-050-11;9810810001;480;1500;52
��-051-11;1000006091;540;1500;52
��-052-11;1000127722;750;1500;52
��-053-11;1000127723;750;1500;52
��-054-11;1000024375;720;1500;52
��-055-11;3275570010;720;1500;52
��-056-11;3275570023;720;1500;52
��-057-11;3275570010;720;1500;52
��-058-11;1812420058;576;1500;52
��-059-11;2400017290;720;1500;52
��-060-11;1000024379;720;1500;52
��-061-11;9812460052;720;1500;52
��-062-11;1518900022;720;1500;52
��-063-11;1000024374;720;1500;52
��-064-11;1000008299;780;1500;52
��-065-11;1000024374;720;1500;52
��-066-11;1000073063;720;1500;52
��-067-11;1042349911;780;1500;52
��-068-11;1000008303;780;1500;52
��-069-11;1000024372;720;1500;52
��-070-11;1000008682;720;1500;52
��-071-11;1000008303;780;1500;52
��-072-11;1812420057;348;1500;52
��-073-11;1812490112;276;750;52
��-073-21;1000070784;288;750;52
��-074-11;1000024376;720;1500;52
��-075-11;1000132861;880;750;52
��-075-21;1000008293;780;750;52
��-076-11;1000008298;780;1500;52
��-077-11;1000113008;512;750;52
��-077-21;1000043352;780;750;52
��-078-11;1000121604;720;1500;52
��-079-11;1812450001;864;1500;52
��-080-11;2400005947;396;750;52
��-080-21;1000008301;780;750;52
��-081-11;1812450001;864;1500;52
��-082-11;3272062003;672;750;52
��-082-21;1000132859;842;750;52
��-083-11;1000024380;720;1500;52
��-084-11;1000048109;672;750;52
��-084-21;3275570001;756;750;52
��-085-11;1818600001;420;1500;52
��-086-11;1000024371;720;1500;52
��-087-11;1000113006;720;1500;52
��-088-11;9812460043;720;1500;52
��-089-11;1000113006;720;1500;52
��-090-11;1855512401;480;1500;52
��-091-11;1812490113;660;1500;52
��-092-11;1000008302;780;750;52
��-092-21;1000113010;512;750;52
��-093-11;1000071233;720;1500;52
��-094-11;9812460036;624;750;52
��-094-21;1000030284;843;750;52
��-095-11;1000010468;948;1500;52
��-096-11;9812460037;624;750;52
��-096-21;1000056516;192;750;52
��-097-11;1000010468;948;1500;52
��-098-11;9812460035;624;1500;52
��-099-11;3272062010;672;1500;52
��-100-11;1000008568;512;1500;52
��-101-11;1000077521;512;1500;52
��-102-11;1899910180;720;1500;52
��-103-11;1000113007;624;750;52
��-103-21;1000017631;576;750;52
��-104-11;1059990476;1350;1500;53
��-105-11;1812410058;864;750;52
��-105-21;9819990020;750;750;52
��-106-11;1059990128;5049;1500;53
��-107-11;1000008292;144;750;52
��-107-21;1000008300;420;750;52
��-108-11;1059990128;5049;1500;53
��-109-11;1511850019;1440;750;53
��-109-21;1400000136;5049;750;53
��-110-11;1059990140;960;1500;53
��-111-11;9899996389;3348;750;53
��-111-21;1518500053;3186;750;53
��-112-11;1059990140;960;1500;53
��-113-11;1059990459;594;750;53
��-113-21;1500000215;3240;750;53
��-114-11;1059990474;1350;1500;53
��-115-11;9899996042;2835;1500;54
��-116-11;9899996044;2835;1500;54
��-117-11;1059990129;5049;1500;54
��-118-11;1518500022;3564;1500;54
��-119-11;9818500032;3564;1500;54
��-120-11;9899996041;2835;1500;54
��-001-11;1699100058;1680;1500;73
��-002-11;122;768;1500;73
��-003-11;1699910563;1890;1500;73
��-004-11;1689500011;1728;1500;73
��-005-11;1699910766;1890;1500;73
��-006-11;1000013902;900;1500;73
��-007-11;1000071723;768;1500;72
��-008-11;1699910766;1890;1500;72
��-009-11;1398800056;1386;1500;72
��-010-11;2400014017;4200;1500;72
��-011-11;1067040001;1440;1500;72
��-012-11;1000071213;567;1500;72
��-013-11;1000077461;288;1500;61
��-014-11;1067040001;1440;1500;62
��-015-11;2003100352;360;1500;61
��-016-11;1074940002;864;1500;62
��-017-11;2006090244;340;1500;61
��-018-11;1000042685;1190;1500;62
��-019-11;1000096753;1320;750;61
��-019-21;1104800013;1200;750;61
��-020-11;2006090219;840;750;61
��-020-21;1000043272;96;750;61
��-021-11;4939960303;1280;750;61
��-021-21;2006750010;360;750;61
��-022-11;1000116863;320;750;61
��-022-21;1000007404;480;750;61
��-023-11;1041850002;1776;750;61
��-023-21;2003100079;480;750;61
��-024-11;1000025223;1120;750;61
��-024-21;2400011237;4560;750;61
��-025-11;2005960045;1152;750;61
��-025-21;1000054924;3240;750;61
��-026-11;2006320140;1280;750;61
��-026-21;1000077460;288;750;61
��-027-11;1000095762;1440;750;61
��-027-21;2003100085;480;750;61
��-028-11;2003100256;576;750;61
��-028-21;1000029941;864;750;61
��-029-11;2003100115;480;750;61
��-029-21;2005950078;440;750;61
��-030-11;1059991944;1056;750;61
��-030-21;2400012447;576;750;61
��-031-11;1000044326;600;1500;61
��-032-11;1199991148;1152;1500;61
��-033-11;2006090014;1200;1500;61
��-034-11;1000044325;600;1500;61
��-035-11;1989990378;192;1500;61
��-036-11;1000044325;600;1500;61
��-037-11;1989990378;192;1500;61
��-038-11;2006750012;1500;750;61
��-038-21;9419660504;576;750;61
��-039-11;2006320113;1280;1500;61
��-040-11;2005710013;160;750;61
��-040-21;2006750006;1344;750;61
��-041-11;2009990109;192;1500;61
��-042-11;2009890006;2160;750;61
��-042-21;1000080744;576;750;61
��-043-11;1000053240;1944;750;61
��-043-21;2005950089;546;750;61
��-044-11;1000092467;1400;750;61
��-044-21;3070432228;4800;750;61
��-045-11;2400012557;1008;750;61
��-045-21;2001280043;720;750;61
��-046-11;2009990107;192;750;61
��-046-21;1000132690;360;750;61
��-047-11;2006320152;1152;750;61
��-047-21;1000132302;1280;750;61
��-048-11;1000130765;432;750;61
��-048-21;2005950043;176;750;61
��-049-11;2005960053;1152;1500;61
��-050-11;2006090080;1280;1500;61
��-051-11;2001410001;1152;1500;61
��-052-11;2006090080;1280;1500;61
��-053-11;2001410001;1152;1500;61
��-054-11;1000025228;1120;1500;61
��-055-11;2002310033;1408;1500;61
��-056-11;1000096755;480;750;61
��-056-21;2006090106;1280;750;61
��-057-11;2006090193;1408;1500;61
��-058-11;1051230035;3960;750;61
��-058-21;2400024598;432;750;61
��-059-11;1000045568;1120;1500;61
��-060-11;2006320119;108;750;61
��-060-21;1000099716;4032;750;61
��-061-11;2006320129;1280;750;61
��-061-21;2003100286;1320;750;61
��-062-11;2006090096;1344;1500;61
��-063-11;86;5328;750;61
��-063-21;2009960314;864;750;61
��-064-11;87;6912;1500;61
��-065-11;1000005466;810;750;61
��-065-21;2003100104;1056;750;61
��-066-11;2009960378;240;1500;61
��-067-11;2006090124;1344;1500;61
��-068-11;2009960378;240;1500;61
��-069-11;2006090124;1344;1500;61
��-070-11;1059960308;4392;1500;61
��-071-11;2005710015;1320;1500;61
��-072-11;1000023877;500;1500;61
��-073-11;1056090060;5184;750;61
��-073-21;2006090187;168;750;61
��-074-11;2005960054;1728;1500;61
��-075-11;1052310061;576;750;61
��-075-21;2003100099;1320;750;61
��-076-11;2005710026;1320;1500;61
��-077-11;1059960309;3888;750;61
��-077-21;1000050168;960;750;61
��-078-11;2000200078;1296;1500;61
��-079-11;2003100298;240;1500;61
��-080-11;2400017173;288;1500;61
��-081-11;2003100333;240;1500;61
��-082-11;1000022059;5720;1500;61
��-083-11;1000077921;252;1500;61
��-084-11;1000022059;5720;1500;61
��-085-11;1000042685;1190;1500;61
��-086-11;1000077921;252;1500;61
��-087-11;1030080162;4536;1500;61
��-088-11;2005960047;1280;1500;61
��-089-11;1000019535;72;1500;61
��-090-11;2006090044;1280;1500;61
��-091-11;1000078291;645;1500;61
��-092-11;2006020020;576;750;61
��-092-21;2005960050;192;750;61
��-093-11;1000078291;645;1500;61
��-094-11;1000077924;168;750;61
��-094-21;1000077923;168;750;61
��-095-11;2006090100;384;1500;61
��-096-11;1059100010;6912;750;61
��-096-21;1000039742;6048;750;61
��-097-11;2009960323;384;1500;61
��-098-11;1000132303;1320;1500;61
��-099-11;2003100257;240;1500;61
��-100-11;9419660562;780;1500;61
��-101-11;2003100257;240;1500;61
��-102-11;1101230017;780;1500;61
��-103-11;1899900046;54;750;54
��-103-21;2000200077;1296;750;54
��-104-11;1000103269;252;1500;61
��-105-11;1899900347;135;750;54
��-105-21;1000050330;2304;750;54
��-106-11;1000077922;252;1500;61
��-107-11;1000009059;3564;750;54
��-107-21;1500000216;1215;750;54
��-108-11;2003100246;1320;1500;61
��-109-11;9899996045;2835;1500;54
��-110-11;9818500027;3564;1500;54
��-111-11;9899996046;2835;1500;54
��-112-11;9899996043;2835;1500;54
��-113-11;1059990090;948;1500;54
��-114-11;1518500040;2916;1500;54
��-115-11;1059990090;948;1500;54
��-116-11;2003100246;1320;1500;54
��-117-11;1592700004;1050;1500;54
��-118-11;1000103270;252;1500;54
��-119-11;1899912355;2448;1500;54
��-120-11;1059990475;1350;1500;54
��-001-11;1000028673;2592;750;73
��-001-21;2000181049;372;750;73
��-002-11;1000103241;864;1500;74
��-003-11;1000026881;576;750;73
��-003-21;1699919998;1728;750;73
��-004-11;1044579964;512;1500;74
��-005-11;3118950006;2160;750;73
��-005-21;1000089110;450;750;73
��-006-11;1044579964;512;1500;74
��-007-11;1049995082;1134;1500;81
��-008-11;1000100928;1536;1500;81
��-009-11;1000066780;896;1500;81
��-010-11;1379900004;1344;1500;81
��-011-11;1000066780;896;1500;81
��-012-11;1379900004;1344;1500;81
��-013-11;1000079158;672;1500;81
��-014-11;3043000004;600;750;81
��-014-21;1000108674;357;750;81
��-015-11;1393100196;1344;1500;81
��-016-11;1000045801;448;750;81
��-016-21;1658500104;640;750;81
��-017-11;1000024128;448;1500;81
��-018-11;2400006674;357;750;81
��-018-21;1000014586;1584;750;81
��-019-11;1699100055;648;750;81
��-019-21;1000116035;112;750;81
��-020-11;1094940002;864;1500;82
��-021-11;1000126969;1716;750;81
��-021-21;1699900399;1760;750;81
��-022-11;1094940002;864;1500;82
��-023-11;1633576064;480;750;81
��-023-21;1000053671;1147;750;81
��-024-11;1000020779;1320;1500;82
��-025-11;1699910070;432;1500;82
��-026-11;1000009822;1800;1500;82
��-027-11;1633576059;378;1500;82
��-028-11;1000049228;432;1500;82
��-029-11;1000046248;512;1500;82
��-030-11;1000071724;768;1500;82
��-031-11;1000060052;384;1500;91
��-032-11;1000060055;675;1500;92
��-033-11;1000134937;2886;1500;91
��-034-11;1009990099;1344;1500;92
��-035-11;1000060055;675;1500;91
��-036-11;1000088588;1440;1500;92
��-037-11;1000045005;1152;750;92
��-037-21;1000108624;2240;750;92
��-038-11;1000088589;1440;1500;92
��-039-11;1000045006;1152;750;92
��-039-21;1009991414;1624;750;92
��-040-11;1000077732;800;1500;92
��-041-11;1000078833;1248;750;92
��-041-21;1799900133;1296;750;92
��-042-11;1199992137;1440;1500;92
��-043-11;1199992137;1440;1500;92
��-044-11;1000108630;756;1500;92
��-045-11;1000077735;800;1500;92
��-046-11;1000060054;675;1500;92
��-047-11;1000084213;1296;1500;92
��-048-11;1000093734;2880;1500;92
��-049-11;1000116220;683;1500;92
��-050-11;1000116225;756;750;92
��-050-21;1799900170;1876;750;92
��-051-11;1000116220;683;1500;92
��-052-11;1001080012;1024;750;92
��-052-21;1000077734;1600;750;92
��-053-11;1728400015;1296;1500;92
��-054-11;1009991416;1680;750;92
��-054-21;1000068396;1512;750;92
��-055-11;1410800024;1024;1500;92
��-056-11;1009991417;1840;750;92
��-056-21;1799900200;600;750;92
��-057-11;1000023085;1792;1500;92
��-058-11;1000092023;1152;750;92
��-058-21;1000091941;448;750;92
��-059-11;1000023085;1792;1500;92
��-060-11;1000019627;784;750;92
��-060-21;1000077757;1300;750;92
��-061-11;1000077758;1456;1500;92
��-062-11;1000028724;1512;750;92
��-062-21;1000023087;1792;750;92
��-063-11;1000014681;1920;1500;92
��-064-11;1799900199;1296;750;92
��-064-21;1000055498;1008;750;92
��-065-11;1000068395;1512;1500;92
��-066-11;1009991327;1960;750;92
��-066-21;1000000732;1152;750;92
��-067-11;1000118435;360;1500;92
��-068-11;1000023195;960;1500;101
��-069-11;1000104853;1388;1500;92
��-070-11;5011228866;237600;1500;101
��-071-11;1000104853;1388;1500;92
��-072-11;5011228866;237600;1500;101
��-073-11;1319600005;1520;1500;101
��-074-11;3042670099;600;1500;101
��-075-11;1319600005;1520;1500;101
��-076-11;3042670099;600;1500;101
��-077-11;5111890001;600;1500;101
��-078-11;1319600013;600;1500;101
��-079-11;1348900005;1176;1500;101
��-080-11;1086690006;1728;750;101
��-080-21;1042226601;2000;750;101
��-081-11;1000023197;2160;1500;101
��-082-11;1000090827;1980;750;101
��-082-21;1049990052;1485;750;101
��-083-11;1000103142;648;1500;101
��-084-11;3070390413;972;750;101
��-084-21;1000105151;51;750;101
��-085-11;1000023196;1008;1500;101
��-086-11;5011228879;396000;1500;111
��-087-11;1000068711;2240;1500;101
��-088-11;1139990403;140;1500;111
��-089-11;1348900006;1176;1500;101
��-090-11;1139990403;140;1500;111
��-091-11;1519990001;64800;1500;111
��-092-11;1139990403;140;1500;132
��-093-11;1519990001;64800;1500;111
��-094-11;1000105606;1728;1500;132
��-095-11;1099900001;40800;1500;111
��-096-11;1000053674;1280;1500;132
��-097-11;3152461701;234;1500;132
��-098-11;1000014505;1024;1500;132
��-099-11;1133538058;240;1500;132
��-100-11;1138150006;72;1500;132
��-101-11;3138150001;1024;1500;132
��-102-11;1000033622;144;1500;132
��-103-11;1470400049;960;1500;141
��-104-11;1000072820;1920;1500;141
��-105-11;1470400049;960;1500;141
��-106-11;1470400017;2940;1500;141
��-107-11;1000100555;1800;1500;141
��-108-11;1655200001;1200;1500;141
��-109-11;1000072823;1920;750;141
��-109-21;1000026880;576;750;141
��-110-11;1655200001;1200;1500;151
��-111-11;9156288001;7128;1500;171
��-112-11;2199910170;1134;1500;151
��-113-11;5011228859;240;1500;171
��-114-11;9156288001;7128;1500;151
